artist,song_name,features
MassiveMusic,This Magic Moment - Crisp.nl Version,"{'danceability': 0.823, 'energy': 0.671, 'key': 11, 'loudness': -6.437, 'mode': 1, 'speechiness': 0.0592, 'acousticness': 0.551, 'instrumentalness': 0.00144, 'liveness': 0.354, 'valence': 0.662, 'tempo': 125.052, 'type': 'audio_features', 'id': '6uDlwsguxFDgbakvPyhChp', 'uri': 'spotify:track:6uDlwsguxFDgbakvPyhChp', 'track_href': 'https://api.spotify.com/v1/tracks/6uDlwsguxFDgbakvPyhChp', 'analysis_url': 'https://api.spotify.com/v1/audio-analysis/6uDlwsguxFDgbakvPyhChp', 'duration_ms': 188697, 'time_signature': 4}"
Hoosky,00h00,"{'danceability': 0.375, 'energy': 0.606, 'key': 4, 'loudness': -9.383, 'mode': 0, 'speechiness': 0.197, 'acousticness': 0.339, 'instrumentalness': 0.000924, 'liveness': 0.424, 'valence': 0.883, 'tempo': 91.564, 'type': 'audio_features', 'id': '00LvjMnpznr4MZFSA8x9sA', 'uri': 'spotify:track:00LvjMnpznr4MZFSA8x9sA', 'track_href': 'https://api.spotify.com/v1/tracks/00LvjMnpznr4MZFSA8x9sA', 'analysis_url': 'https://api.spotify.com/v1/audio-analysis/00LvjMnpznr4MZFSA8x9sA', 'duration_ms': 51373, 'time_signature': 4}"
The Rolling Stones,Under My Thumb,"{'danceability': 0.738, 'energy': 0.491, 'key': 6, 'loudness': -13.407, 'mode': 0, 'speechiness': 0.0487, 'acousticness': 0.298, 'instrumentalness': 0.218, 'liveness': 0.119, 'valence': 0.809, 'tempo': 126.96, 'type': 'audio_features', 'id': '3E8gEvhLia6w9lQv3hfxzM', 'uri': 'spotify:track:3E8gEvhLia6w9lQv3hfxzM', 'track_href': 'https://api.spotify.com/v1/tracks/3E8gEvhLia6w9lQv3hfxzM', 'analysis_url': 'https://api.spotify.com/v1/audio-analysis/3E8gEvhLia6w9lQv3hfxzM', 'duration_ms': 221533, 'time_signature': 4}"
Jane B,Conquer Me,"{'danceability': 0.657, 'energy': 0.488, 'key': 8, 'loudness': -10.416, 'mode': 0, 'speechiness': 0.0456, 'acousticness': 0.213, 'instrumentalness': 0.0942, 'liveness': 0.36, 'valence': 0.662, 'tempo': 149.763, 'type': 'audio_features', 'id': '2jjPlj6KFzCffJ7KVQMwHX', 'uri': 'spotify:track:2jjPlj6KFzCffJ7KVQMwHX', 'track_href': 'https://api.spotify.com/v1/tracks/2jjPlj6KFzCffJ7KVQMwHX', 'analysis_url': 'https://api.spotify.com/v1/audio-analysis/2jjPlj6KFzCffJ7KVQMwHX', 'duration_ms': 216235, 'time_signature': 4}"
Domo Genesis,Dapper (feat. Anderson .Paak),"{'danceability': 0.753, 'energy': 0.594, 'key': 1, 'loudness': -9.486, 'mode': 0, 'speechiness': 0.0816, 'acousticness': 0.0711, 'instrumentalness': 0, 'liveness': 0.391, 'valence': 0.562, 'tempo': 112.568, 'type': 'audio_features', 'id': '3seHx466iTcUmWE9dOVB3v', 'uri': 'spotify:track:3seHx466iTcUmWE9dOVB3v', 'track_href': 'https://api.spotify.com/v1/tracks/3seHx466iTcUmWE9dOVB3v', 'analysis_url': 'https://api.spotify.com/v1/audio-analysis/3seHx466iTcUmWE9dOVB3v', 'duration_ms': 193093, 'time_signature': 4}"
Tune-Yards,Water Fountain,"{'danceability': 0.825, 'energy': 0.69, 'key': 1, 'loudness': -6.234, 'mode': 1, 'speechiness': 0.065, 'acousticness': 0.00337, 'instrumentalness': 0.00277, 'liveness': 0.367, 'valence': 0.589, 'tempo': 110.488, 'type': 'audio_features', 'id': '3pndgH9sLDTCWtCwr8LWt9', 'uri': 'spotify:track:3pndgH9sLDTCWtCwr8LWt9', 'track_href': 'https://api.spotify.com/v1/tracks/3pndgH9sLDTCWtCwr8LWt9', 'analysis_url': 'https://api.spotify.com/v1/audio-analysis/3pndgH9sLDTCWtCwr8LWt9', 'duration_ms': 183453, 'time_signature': 4}"
Bob Marley & The Wailers,Sun Is Shining,"{'danceability': 0.784, 'energy': 0.52, 'key': 0, 'loudness': -8.27, 'mode': 1, 'speechiness': 0.227, 'acousticness': 0.121, 'instrumentalness': 0.00158, 'liveness': 0.146, 'valence': 0.854, 'tempo': 72.678, 'type': 'audio_features', 'id': '3PPigifoeEofIISQYbayMK', 'uri': 'spotify:track:3PPigifoeEofIISQYbayMK', 'track_href': 'https://api.spotify.com/v1/tracks/3PPigifoeEofIISQYbayMK', 'analysis_url': 'https://api.spotify.com/v1/audio-analysis/3PPigifoeEofIISQYbayMK', 'duration_ms': 134573, 'time_signature': 4}"
T. Rex,Ride A White Swan,"{'danceability': 0.342, 'energy': 0.442, 'key': 8, 'loudness': -9.782, 'mode': 1, 'speechiness': 0.0346, 'acousticness': 0.793, 'instrumentalness': 0.000105, 'liveness': 0.0758, 'valence': 0.804, 'tempo': 147.7, 'type': 'audio_features', 'id': '3olQaoZDc2O1mFDod0evZI', 'uri': 'spotify:track:3olQaoZDc2O1mFDod0evZI', 'track_href': 'https://api.spotify.com/v1/tracks/3olQaoZDc2O1mFDod0evZI', 'analysis_url': 'https://api.spotify.com/v1/audio-analysis/3olQaoZDc2O1mFDod0evZI', 'duration_ms': 132800, 'time_signature': 4}"
The Dramatics,Whatcha See Is Whatcha Get,"{'danceability': 0.638, 'energy': 0.708, 'key': 6, 'loudness': -10.383, 'mode': 1, 'speechiness': 0.128, 'acousticness': 0.226, 'instrumentalness': 0, 'liveness': 0.12, 'valence': 0.904, 'tempo': 153.144, 'type': 'audio_features', 'id': '6J7uQ9vLtBqNikEhlKUOnu', 'uri': 'spotify:track:6J7uQ9vLtBqNikEhlKUOnu', 'track_href': 'https://api.spotify.com/v1/tracks/6J7uQ9vLtBqNikEhlKUOnu', 'analysis_url': 'https://api.spotify.com/v1/audio-analysis/6J7uQ9vLtBqNikEhlKUOnu', 'duration_ms': 212840, 'time_signature': 4}"
Erykah Badu,In Love With You,"{'danceability': 0.72, 'energy': 0.272, 'key': 9, 'loudness': -12.919, 'mode': 0, 'speechiness': 0.0683, 'acousticness': 0.58, 'instrumentalness': 0, 'liveness': 0.145, 'valence': 0.661, 'tempo': 132.494, 'type': 'audio_features', 'id': '6uI95ERPZV6tivkNWsOKet', 'uri': 'spotify:track:6uI95ERPZV6tivkNWsOKet', 'track_href': 'https://api.spotify.com/v1/tracks/6uI95ERPZV6tivkNWsOKet', 'analysis_url': 'https://api.spotify.com/v1/audio-analysis/6uI95ERPZV6tivkNWsOKet', 'duration_ms': 322533, 'time_signature': 4}"
Blondie,Sunday Girl,"{'danceability': 0.641, 'energy': 0.531, 'key': 9, 'loudness': -13.691, 'mode': 1, 'speechiness': 0.0496, 'acousticness': 0.0256, 'instrumentalness': 0.000248, 'liveness': 0.178, 'valence': 0.846, 'tempo': 145.886, 'type': 'audio_features', 'id': '23yv078f5kc08Kj6DMpO0t', 'uri': 'spotify:track:23yv078f5kc08Kj6DMpO0t', 'track_href': 'https://api.spotify.com/v1/tracks/23yv078f5kc08Kj6DMpO0t', 'analysis_url': 'https://api.spotify.com/v1/audio-analysis/23yv078f5kc08Kj6DMpO0t', 'duration_ms': 185067, 'time_signature': 4}"
Grizzly Bear,Two Weeks,"{'danceability': 0.537, 'energy': 0.712, 'key': 5, 'loudness': -5.597, 'mode': 1, 'speechiness': 0.0286, 'acousticness': 0.289, 'instrumentalness': 0.00568, 'liveness': 0.08, 'valence': 0.704, 'tempo': 159.871, 'type': 'audio_features', 'id': '0iTpQYzJnYgh7kIxyq8A2O', 'uri': 'spotify:track:0iTpQYzJnYgh7kIxyq8A2O', 'track_href': 'https://api.spotify.com/v1/tracks/0iTpQYzJnYgh7kIxyq8A2O', 'analysis_url': 'https://api.spotify.com/v1/audio-analysis/0iTpQYzJnYgh7kIxyq8A2O', 'duration_ms': 243160, 'time_signature': 4}"
Mark Ronson,Somebody to Love Me,"{'danceability': 0.694, 'energy': 0.853, 'key': 6, 'loudness': -4.755, 'mode': 0, 'speechiness': 0.0415, 'acousticness': 0.107, 'instrumentalness': 1.63e-06, 'liveness': 0.225, 'valence': 0.566, 'tempo': 117.896, 'type': 'audio_features', 'id': '2Tky1eOpdLXo8yYawnTMcj', 'uri': 'spotify:track:2Tky1eOpdLXo8yYawnTMcj', 'track_href': 'https://api.spotify.com/v1/tracks/2Tky1eOpdLXo8yYawnTMcj', 'analysis_url': 'https://api.spotify.com/v1/audio-analysis/2Tky1eOpdLXo8yYawnTMcj', 'duration_ms': 297933, 'time_signature': 4}"
Edgar de l'Est,AH LA LA,"{'danceability': 0.829, 'energy': 0.353, 'key': 9, 'loudness': -10.409, 'mode': 1, 'speechiness': 0.246, 'acousticness': 0.605, 'instrumentalness': 2.44e-05, 'liveness': 0.124, 'valence': 0.897, 'tempo': 134.979, 'type': 'audio_features', 'id': '0JBUms0CMKVARibROy8x7N', 'uri': 'spotify:track:0JBUms0CMKVARibROy8x7N', 'track_href': 'https://api.spotify.com/v1/tracks/0JBUms0CMKVARibROy8x7N', 'analysis_url': 'https://api.spotify.com/v1/audio-analysis/0JBUms0CMKVARibROy8x7N', 'duration_ms': 234227, 'time_signature': 4}"
Merry Clayton,Gimme Shelter,"{'danceability': 0.584, 'energy': 0.821, 'key': 7, 'loudness': -9.016, 'mode': 0, 'speechiness': 0.0468, 'acousticness': 0.329, 'instrumentalness': 0.000282, 'liveness': 0.565, 'valence': 0.646, 'tempo': 117.619, 'type': 'audio_features', 'id': '318Vrl9zzFT7zT8BYKNhgP', 'uri': 'spotify:track:318Vrl9zzFT7zT8BYKNhgP', 'track_href': 'https://api.spotify.com/v1/tracks/318Vrl9zzFT7zT8BYKNhgP', 'analysis_url': 'https://api.spotify.com/v1/audio-analysis/318Vrl9zzFT7zT8BYKNhgP', 'duration_ms': 211293, 'time_signature': 4}"
Tim Knol,Sam,"{'danceability': 0.563, 'energy': 0.146, 'key': 3, 'loudness': -14.421, 'mode': 0, 'speechiness': 0.0408, 'acousticness': 0.894, 'instrumentalness': 1.6e-05, 'liveness': 0.111, 'valence': 0.268, 'tempo': 133.115, 'type': 'audio_features', 'id': '1jajG9Yo6m71VEpXx3uRzT', 'uri': 'spotify:track:1jajG9Yo6m71VEpXx3uRzT', 'track_href': 'https://api.spotify.com/v1/tracks/1jajG9Yo6m71VEpXx3uRzT', 'analysis_url': 'https://api.spotify.com/v1/audio-analysis/1jajG9Yo6m71VEpXx3uRzT', 'duration_ms': 233333, 'time_signature': 4}"
Amy Winehouse,Intro / Stronger Than Me,"{'danceability': 0.875, 'energy': 0.481, 'key': 9, 'loudness': -5.088, 'mode': 0, 'speechiness': 0.0451, 'acousticness': 0.0574, 'instrumentalness': 0.000453, 'liveness': 0.0916, 'valence': 0.716, 'tempo': 91.474, 'type': 'audio_features', 'id': '2pkKNXOwwEc8qgeQRtg6IJ', 'uri': 'spotify:track:2pkKNXOwwEc8qgeQRtg6IJ', 'track_href': 'https://api.spotify.com/v1/tracks/2pkKNXOwwEc8qgeQRtg6IJ', 'analysis_url': 'https://api.spotify.com/v1/audio-analysis/2pkKNXOwwEc8qgeQRtg6IJ', 'duration_ms': 234107, 'time_signature': 4}"
Robert Johnson,I'm a Steady Rollin' Man,"{'danceability': 0.681, 'energy': 0.193, 'key': 2, 'loudness': -15.254, 'mode': 1, 'speechiness': 0.0581, 'acousticness': 0.982, 'instrumentalness': 0.00522, 'liveness': 0.128, 'valence': 0.638, 'tempo': 101.924, 'type': 'audio_features', 'id': '5yxmp7HffmzRsrklr8xyrV', 'uri': 'spotify:track:5yxmp7HffmzRsrklr8xyrV', 'track_href': 'https://api.spotify.com/v1/tracks/5yxmp7HffmzRsrklr8xyrV', 'analysis_url': 'https://api.spotify.com/v1/audio-analysis/5yxmp7HffmzRsrklr8xyrV', 'duration_ms': 156240, 'time_signature': 4}"
Darlyn,I Think We're Alone Now,"{'danceability': 0.513, 'energy': 0.083, 'key': 0, 'loudness': -13.451, 'mode': 1, 'speechiness': 0.0454, 'acousticness': 0.893, 'instrumentalness': 0, 'liveness': 0.115, 'valence': 0.28, 'tempo': 119.585, 'type': 'audio_features', 'id': '0zEjqBMZNkUFCDUmuYoGxO', 'uri': 'spotify:track:0zEjqBMZNkUFCDUmuYoGxO', 'track_href': 'https://api.spotify.com/v1/tracks/0zEjqBMZNkUFCDUmuYoGxO', 'analysis_url': 'https://api.spotify.com/v1/audio-analysis/0zEjqBMZNkUFCDUmuYoGxO', 'duration_ms': 169842, 'time_signature': 4}"
Eskorzo Afrobeat Experience,El Muro,"{'danceability': 0.618, 'energy': 0.894, 'key': 0, 'loudness': -8.703, 'mode': 1, 'speechiness': 0.0327, 'acousticness': 0.0536, 'instrumentalness': 0.577, 'liveness': 0.0611, 'valence': 0.91, 'tempo': 96.991, 'type': 'audio_features', 'id': '2mu6r9KaIxj2CRrIcJTm0b', 'uri': 'spotify:track:2mu6r9KaIxj2CRrIcJTm0b', 'track_href': 'https://api.spotify.com/v1/tracks/2mu6r9KaIxj2CRrIcJTm0b', 'analysis_url': 'https://api.spotify.com/v1/audio-analysis/2mu6r9KaIxj2CRrIcJTm0b', 'duration_ms': 468143, 'time_signature': 4}"
Israel Vibration,Rudeboy Shufflin,"{'danceability': 0.885, 'energy': 0.482, 'key': 5, 'loudness': -11.874, 'mode': 0, 'speechiness': 0.204, 'acousticness': 0.0127, 'instrumentalness': 0, 'liveness': 0.0916, 'valence': 0.946, 'tempo': 137.425, 'type': 'audio_features', 'id': '6nKvpwVXvwqWHYkv8W8v5g', 'uri': 'spotify:track:6nKvpwVXvwqWHYkv8W8v5g', 'track_href': 'https://api.spotify.com/v1/tracks/6nKvpwVXvwqWHYkv8W8v5g', 'analysis_url': 'https://api.spotify.com/v1/audio-analysis/6nKvpwVXvwqWHYkv8W8v5g', 'duration_ms': 285667, 'time_signature': 4}"
Britta Persson,Big In Japan,"{'danceability': 0.73, 'energy': 0.427, 'key': 6, 'loudness': -6.702, 'mode': 0, 'speechiness': 0.0308, 'acousticness': 0.285, 'instrumentalness': 0, 'liveness': 0.11, 'valence': 0.2, 'tempo': 100.16, 'type': 'audio_features', 'id': '4TFjClZKae5hkuegAzfKPC', 'uri': 'spotify:track:4TFjClZKae5hkuegAzfKPC', 'track_href': 'https://api.spotify.com/v1/tracks/4TFjClZKae5hkuegAzfKPC', 'analysis_url': 'https://api.spotify.com/v1/audio-analysis/4TFjClZKae5hkuegAzfKPC', 'duration_ms': 226554, 'time_signature': 4}"
The Derek Trucks Band,This Sky,"{'danceability': 0.445, 'energy': 0.544, 'key': 9, 'loudness': -10.925, 'mode': 1, 'speechiness': 0.0314, 'acousticness': 0.698, 'instrumentalness': 0.477, 'liveness': 0.115, 'valence': 0.222, 'tempo': 101.172, 'type': 'audio_features', 'id': '7CF9D6br57ovVM7bo6B1jB', 'uri': 'spotify:track:7CF9D6br57ovVM7bo6B1jB', 'track_href': 'https://api.spotify.com/v1/tracks/7CF9D6br57ovVM7bo6B1jB', 'analysis_url': 'https://api.spotify.com/v1/audio-analysis/7CF9D6br57ovVM7bo6B1jB', 'duration_ms': 391987, 'time_signature': 4}"
D'Angelo,Water No Get Enemy,"{'danceability': 0.786, 'energy': 0.753, 'key': 10, 'loudness': -9.461, 'mode': 0, 'speechiness': 0.0803, 'acousticness': 0.312, 'instrumentalness': 0.0982, 'liveness': 0.124, 'valence': 0.767, 'tempo': 98.936, 'type': 'audio_features', 'id': '4HUQeJ3p6NI3zIioBDvFuD', 'uri': 'spotify:track:4HUQeJ3p6NI3zIioBDvFuD', 'track_href': 'https://api.spotify.com/v1/tracks/4HUQeJ3p6NI3zIioBDvFuD', 'analysis_url': 'https://api.spotify.com/v1/audio-analysis/4HUQeJ3p6NI3zIioBDvFuD', 'duration_ms': 365933, 'time_signature': 4}"
Clara Nunes,A Deusa Dos Orixás,"{'danceability': 0.68, 'energy': 0.549, 'key': 9, 'loudness': -12.331, 'mode': 1, 'speechiness': 0.0947, 'acousticness': 0.272, 'instrumentalness': 0, 'liveness': 0.116, 'valence': 0.969, 'tempo': 83.497, 'type': 'audio_features', 'id': '5RKjI6OfKO2sjMpx67bkmm', 'uri': 'spotify:track:5RKjI6OfKO2sjMpx67bkmm', 'track_href': 'https://api.spotify.com/v1/tracks/5RKjI6OfKO2sjMpx67bkmm', 'analysis_url': 'https://api.spotify.com/v1/audio-analysis/5RKjI6OfKO2sjMpx67bkmm', 'duration_ms': 151227, 'time_signature': 4}"
Johnny Cash,Jackson (with June Carter Cash),"{'danceability': 0.736, 'energy': 0.548, 'key': 0, 'loudness': -6.261, 'mode': 1, 'speechiness': 0.0362, 'acousticness': 0.278, 'instrumentalness': 0.000597, 'liveness': 0.177, 'valence': 0.731, 'tempo': 128.439, 'type': 'audio_features', 'id': '73iwWviVbnrQRuzbsz023q', 'uri': 'spotify:track:73iwWviVbnrQRuzbsz023q', 'track_href': 'https://api.spotify.com/v1/tracks/73iwWviVbnrQRuzbsz023q', 'analysis_url': 'https://api.spotify.com/v1/audio-analysis/73iwWviVbnrQRuzbsz023q', 'duration_ms': 164733, 'time_signature': 4}"
RJD2,Ghostwriter,"{'danceability': 0.747, 'energy': 0.68, 'key': 1, 'loudness': -6.187, 'mode': 1, 'speechiness': 0.0346, 'acousticness': 0.0107, 'instrumentalness': 0.803, 'liveness': 0.0964, 'valence': 0.594, 'tempo': 93.804, 'type': 'audio_features', 'id': '5Nn2Dj7OQsGL6pgQ9iIzPp', 'uri': 'spotify:track:5Nn2Dj7OQsGL6pgQ9iIzPp', 'track_href': 'https://api.spotify.com/v1/tracks/5Nn2Dj7OQsGL6pgQ9iIzPp', 'analysis_url': 'https://api.spotify.com/v1/audio-analysis/5Nn2Dj7OQsGL6pgQ9iIzPp', 'duration_ms': 317933, 'time_signature': 4}"
AlunaGeorge,Body Music,"{'danceability': 0.654, 'energy': 0.477, 'key': 4, 'loudness': -10.337, 'mode': 0, 'speechiness': 0.0706, 'acousticness': 0.424, 'instrumentalness': 0, 'liveness': 0.218, 'valence': 0.514, 'tempo': 95.054, 'type': 'audio_features', 'id': '2D2p0eif9odHKFnRMIQU0w', 'uri': 'spotify:track:2D2p0eif9odHKFnRMIQU0w', 'track_href': 'https://api.spotify.com/v1/tracks/2D2p0eif9odHKFnRMIQU0w', 'analysis_url': 'https://api.spotify.com/v1/audio-analysis/2D2p0eif9odHKFnRMIQU0w', 'duration_ms': 242277, 'time_signature': 4}"
Fink,Yesterday Was Hard On All Of Us - Radio Edit,"{'danceability': 0.412, 'energy': 0.576, 'key': 9, 'loudness': -9.403, 'mode': 0, 'speechiness': 0.0277, 'acousticness': 0.681, 'instrumentalness': 0.0315, 'liveness': 0.141, 'valence': 0.264, 'tempo': 97.289, 'type': 'audio_features', 'id': '0j1YhB6z2ucnz200ueyp2B', 'uri': 'spotify:track:0j1YhB6z2ucnz200ueyp2B', 'track_href': 'https://api.spotify.com/v1/tracks/0j1YhB6z2ucnz200ueyp2B', 'analysis_url': 'https://api.spotify.com/v1/audio-analysis/0j1YhB6z2ucnz200ueyp2B', 'duration_ms': 208627, 'time_signature': 4}"
Ryan Montbleau,Carry,"{'danceability': 0.669, 'energy': 0.153, 'key': 2, 'loudness': -13.926, 'mode': 1, 'speechiness': 0.0304, 'acousticness': 0.693, 'instrumentalness': 6.85e-05, 'liveness': 0.121, 'valence': 0.37, 'tempo': 106.184, 'type': 'audio_features', 'id': '0J22fYZReDIiD5dBLzOyzl', 'uri': 'spotify:track:0J22fYZReDIiD5dBLzOyzl', 'track_href': 'https://api.spotify.com/v1/tracks/0J22fYZReDIiD5dBLzOyzl', 'analysis_url': 'https://api.spotify.com/v1/audio-analysis/0J22fYZReDIiD5dBLzOyzl', 'duration_ms': 216000, 'time_signature': 4}"
The Whitest Boy Alive,Intentions,"{'danceability': 0.888, 'energy': 0.415, 'key': 0, 'loudness': -6.583, 'mode': 1, 'speechiness': 0.0405, 'acousticness': 0.114, 'instrumentalness': 0.13, 'liveness': 0.0905, 'valence': 0.671, 'tempo': 93.714, 'type': 'audio_features', 'id': '6NhuC3eym57grcOoZo4Jst', 'uri': 'spotify:track:6NhuC3eym57grcOoZo4Jst', 'track_href': 'https://api.spotify.com/v1/tracks/6NhuC3eym57grcOoZo4Jst', 'analysis_url': 'https://api.spotify.com/v1/audio-analysis/6NhuC3eym57grcOoZo4Jst', 'duration_ms': 219427, 'time_signature': 4}"
Major Lazer,Can't Stop Now,"{'danceability': 0.717, 'energy': 0.604, 'key': 3, 'loudness': -6.194, 'mode': 1, 'speechiness': 0.141, 'acousticness': 0.0772, 'instrumentalness': 0.000243, 'liveness': 0.338, 'valence': 0.585, 'tempo': 81.549, 'type': 'audio_features', 'id': '4V7vcixwGO7cwAdxJCYVYs', 'uri': 'spotify:track:4V7vcixwGO7cwAdxJCYVYs', 'track_href': 'https://api.spotify.com/v1/tracks/4V7vcixwGO7cwAdxJCYVYs', 'analysis_url': 'https://api.spotify.com/v1/audio-analysis/4V7vcixwGO7cwAdxJCYVYs', 'duration_ms': 243253, 'time_signature': 4}"
Emilíana Torrini,Autumn Sun,"{'danceability': 0.56, 'energy': 0.113, 'key': 6, 'loudness': -14.755, 'mode': 0, 'speechiness': 0.0412, 'acousticness': 0.959, 'instrumentalness': 0.0143, 'liveness': 0.113, 'valence': 0.141, 'tempo': 156.795, 'type': 'audio_features', 'id': '4u0XMQsb1WPZnC9mlM68A4', 'uri': 'spotify:track:4u0XMQsb1WPZnC9mlM68A4', 'track_href': 'https://api.spotify.com/v1/tracks/4u0XMQsb1WPZnC9mlM68A4', 'analysis_url': 'https://api.spotify.com/v1/audio-analysis/4u0XMQsb1WPZnC9mlM68A4', 'duration_ms': 251613, 'time_signature': 4}"
Smokey Robinson & The Miracles,Ooo Baby Baby,"{'danceability': 0.26, 'energy': 0.257, 'key': 7, 'loudness': -10.021, 'mode': 1, 'speechiness': 0.0313, 'acousticness': 0.73, 'instrumentalness': 2.43e-05, 'liveness': 0.0982, 'valence': 0.394, 'tempo': 178.825, 'type': 'audio_features', 'id': '2HcBa4FbX56sHRUvG8A0lr', 'uri': 'spotify:track:2HcBa4FbX56sHRUvG8A0lr', 'track_href': 'https://api.spotify.com/v1/tracks/2HcBa4FbX56sHRUvG8A0lr', 'analysis_url': 'https://api.spotify.com/v1/audio-analysis/2HcBa4FbX56sHRUvG8A0lr', 'duration_ms': 169800, 'time_signature': 3}"
Beans & Fatback,Come and Get It,"{'danceability': 0.712, 'energy': 0.793, 'key': 6, 'loudness': -3.488, 'mode': 1, 'speechiness': 0.0374, 'acousticness': 0.333, 'instrumentalness': 0.00305, 'liveness': 0.103, 'valence': 0.885, 'tempo': 109.631, 'type': 'audio_features', 'id': '7iuXdT8CcAik4crjwJ2NVf', 'uri': 'spotify:track:7iuXdT8CcAik4crjwJ2NVf', 'track_href': 'https://api.spotify.com/v1/tracks/7iuXdT8CcAik4crjwJ2NVf', 'analysis_url': 'https://api.spotify.com/v1/audio-analysis/7iuXdT8CcAik4crjwJ2NVf', 'duration_ms': 174387, 'time_signature': 4}"
Devendra Banhart,Carmensita,"{'danceability': 0.609, 'energy': 0.668, 'key': 4, 'loudness': -10.502, 'mode': 0, 'speechiness': 0.0459, 'acousticness': 0.594, 'instrumentalness': 0.121, 'liveness': 0.113, 'valence': 0.789, 'tempo': 124.67, 'type': 'audio_features', 'id': '1CzcrUxj97grUPWZ8HC3Dz', 'uri': 'spotify:track:1CzcrUxj97grUPWZ8HC3Dz', 'track_href': 'https://api.spotify.com/v1/tracks/1CzcrUxj97grUPWZ8HC3Dz', 'analysis_url': 'https://api.spotify.com/v1/audio-analysis/1CzcrUxj97grUPWZ8HC3Dz', 'duration_ms': 289293, 'time_signature': 4}"
Dr. John,Such a Night,"{'danceability': 0.829, 'energy': 0.248, 'key': 5, 'loudness': -16.94, 'mode': 1, 'speechiness': 0.169, 'acousticness': 0.531, 'instrumentalness': 0, 'liveness': 0.0732, 'valence': 0.786, 'tempo': 121.444, 'type': 'audio_features', 'id': '3GppcLIGlSlvujXgR0pPRt', 'uri': 'spotify:track:3GppcLIGlSlvujXgR0pPRt', 'track_href': 'https://api.spotify.com/v1/tracks/3GppcLIGlSlvujXgR0pPRt', 'analysis_url': 'https://api.spotify.com/v1/audio-analysis/3GppcLIGlSlvujXgR0pPRt', 'duration_ms': 177733, 'time_signature': 4}"
Peter Bjorn and John,Nothing To Worry About,"{'danceability': 0.713, 'energy': 0.623, 'key': 0, 'loudness': -6.714, 'mode': 1, 'speechiness': 0.129, 'acousticness': 0.192, 'instrumentalness': 0, 'liveness': 0.0607, 'valence': 0.566, 'tempo': 95.1, 'type': 'audio_features', 'id': '4qaXgj5TezCSCZD6tnGNp0', 'uri': 'spotify:track:4qaXgj5TezCSCZD6tnGNp0', 'track_href': 'https://api.spotify.com/v1/tracks/4qaXgj5TezCSCZD6tnGNp0', 'analysis_url': 'https://api.spotify.com/v1/audio-analysis/4qaXgj5TezCSCZD6tnGNp0', 'duration_ms': 178360, 'time_signature': 4}"
Hot Chip,Thieves In The Night,"{'danceability': 0.628, 'energy': 0.719, 'key': 8, 'loudness': -5.443, 'mode': 1, 'speechiness': 0.041, 'acousticness': 0.0138, 'instrumentalness': 0.0951, 'liveness': 0.206, 'valence': 0.371, 'tempo': 134.071, 'type': 'audio_features', 'id': '42G8Aqqv0sKApmItJvJ8dx', 'uri': 'spotify:track:42G8Aqqv0sKApmItJvJ8dx', 'track_href': 'https://api.spotify.com/v1/tracks/42G8Aqqv0sKApmItJvJ8dx', 'analysis_url': 'https://api.spotify.com/v1/audio-analysis/42G8Aqqv0sKApmItJvJ8dx', 'duration_ms': 368277, 'time_signature': 4}"
Pretty Lights,Finally Moving,"{'danceability': 0.735, 'energy': 0.555, 'key': 1, 'loudness': -8.84, 'mode': 0, 'speechiness': 0.0366, 'acousticness': 0.382, 'instrumentalness': 0.856, 'liveness': 0.0952, 'valence': 0.523, 'tempo': 100.01, 'type': 'audio_features', 'id': '3WS7spXVlbeC5kjePmHMQW', 'uri': 'spotify:track:3WS7spXVlbeC5kjePmHMQW', 'track_href': 'https://api.spotify.com/v1/tracks/3WS7spXVlbeC5kjePmHMQW', 'analysis_url': 'https://api.spotify.com/v1/audio-analysis/3WS7spXVlbeC5kjePmHMQW', 'duration_ms': 277975, 'time_signature': 4}"
Johnny Cash,Folsom Prison Blues,"{'danceability': 0.594, 'energy': 0.676, 'key': 5, 'loudness': -9.552, 'mode': 1, 'speechiness': 0.0528, 'acousticness': 0.0267, 'instrumentalness': 0.00541, 'liveness': 0.905, 'valence': 0.898, 'tempo': 110.71, 'type': 'audio_features', 'id': '5O6mz4qn6q7MSKubAzRnDW', 'uri': 'spotify:track:5O6mz4qn6q7MSKubAzRnDW', 'track_href': 'https://api.spotify.com/v1/tracks/5O6mz4qn6q7MSKubAzRnDW', 'analysis_url': 'https://api.spotify.com/v1/audio-analysis/5O6mz4qn6q7MSKubAzRnDW', 'duration_ms': 162907, 'time_signature': 4}"
YACHT,Plastic Soul,"{'danceability': 0.639, 'energy': 0.452, 'key': 7, 'loudness': -7.199, 'mode': 1, 'speechiness': 0.0324, 'acousticness': 0.00258, 'instrumentalness': 0.00153, 'liveness': 0.0473, 'valence': 0.487, 'tempo': 100.019, 'type': 'audio_features', 'id': '43p0RNDfD6lSnHrQJUeffT', 'uri': 'spotify:track:43p0RNDfD6lSnHrQJUeffT', 'track_href': 'https://api.spotify.com/v1/tracks/43p0RNDfD6lSnHrQJUeffT', 'analysis_url': 'https://api.spotify.com/v1/audio-analysis/43p0RNDfD6lSnHrQJUeffT', 'duration_ms': 221946, 'time_signature': 4}"
Susan Tedeschi,Wait For Me,"{'danceability': 0.401, 'energy': 0.534, 'key': 7, 'loudness': -6.576, 'mode': 1, 'speechiness': 0.0524, 'acousticness': 0.59, 'instrumentalness': 7.41e-05, 'liveness': 0.981, 'valence': 0.396, 'tempo': 80.718, 'type': 'audio_features', 'id': '1l3bkDAw1rxeGrPweih1jh', 'uri': 'spotify:track:1l3bkDAw1rxeGrPweih1jh', 'track_href': 'https://api.spotify.com/v1/tracks/1l3bkDAw1rxeGrPweih1jh', 'analysis_url': 'https://api.spotify.com/v1/audio-analysis/1l3bkDAw1rxeGrPweih1jh', 'duration_ms': 358933, 'time_signature': 4}"
Sly Stone,I Get High On You,"{'danceability': 0.537, 'energy': 0.874, 'key': 5, 'loudness': -9.656, 'mode': 1, 'speechiness': 0.0704, 'acousticness': 0.186, 'instrumentalness': 0.00115, 'liveness': 0.405, 'valence': 0.615, 'tempo': 97.381, 'type': 'audio_features', 'id': '0DKvBAgkajew9Mi2ZMZRXo', 'uri': 'spotify:track:0DKvBAgkajew9Mi2ZMZRXo', 'track_href': 'https://api.spotify.com/v1/tracks/0DKvBAgkajew9Mi2ZMZRXo', 'analysis_url': 'https://api.spotify.com/v1/audio-analysis/0DKvBAgkajew9Mi2ZMZRXo', 'duration_ms': 193000, 'time_signature': 4}"
Fabiana Dammers,Roundabout Town,"{'danceability': 0.404, 'energy': 0.763, 'key': 10, 'loudness': -5.071, 'mode': 1, 'speechiness': 0.0346, 'acousticness': 0.419, 'instrumentalness': 0, 'liveness': 0.129, 'valence': 0.699, 'tempo': 184.012, 'type': 'audio_features', 'id': '56ga742AkJ7eL8sVZFWaag', 'uri': 'spotify:track:56ga742AkJ7eL8sVZFWaag', 'track_href': 'https://api.spotify.com/v1/tracks/56ga742AkJ7eL8sVZFWaag', 'analysis_url': 'https://api.spotify.com/v1/audio-analysis/56ga742AkJ7eL8sVZFWaag', 'duration_ms': 225960, 'time_signature': 4}"
Nina Simone,My Baby Just Cares for Me,"{'danceability': 0.757, 'energy': 0.256, 'key': 11, 'loudness': -16.435, 'mode': 0, 'speechiness': 0.101, 'acousticness': 0.963, 'instrumentalness': 0.11, 'liveness': 0.107, 'valence': 0.538, 'tempo': 117.462, 'type': 'audio_features', 'id': '3Iizl7lLyHn0uWS64BOacY', 'uri': 'spotify:track:3Iizl7lLyHn0uWS64BOacY', 'track_href': 'https://api.spotify.com/v1/tracks/3Iizl7lLyHn0uWS64BOacY', 'analysis_url': 'https://api.spotify.com/v1/audio-analysis/3Iizl7lLyHn0uWS64BOacY', 'duration_ms': 218291, 'time_signature': 4}"
Jenny Owen Youngs,Hot In Herre,"{'danceability': 0.623, 'energy': 0.553, 'key': 7, 'loudness': -7.441, 'mode': 1, 'speechiness': 0.0252, 'acousticness': 0.581, 'instrumentalness': 1.44e-06, 'liveness': 0.0725, 'valence': 0.752, 'tempo': 87.992, 'type': 'audio_features', 'id': '2juY7nhQdfhhc4UHOOq2jq', 'uri': 'spotify:track:2juY7nhQdfhhc4UHOOq2jq', 'track_href': 'https://api.spotify.com/v1/tracks/2juY7nhQdfhhc4UHOOq2jq', 'analysis_url': 'https://api.spotify.com/v1/audio-analysis/2juY7nhQdfhhc4UHOOq2jq', 'duration_ms': 256120, 'time_signature': 4}"
Shivaree,Goodnight Moon,"{'danceability': 0.743, 'energy': 0.674, 'key': 2, 'loudness': -7.683, 'mode': 1, 'speechiness': 0.0323, 'acousticness': 0.361, 'instrumentalness': 8.93e-05, 'liveness': 0.0696, 'valence': 0.829, 'tempo': 112.906, 'type': 'audio_features', 'id': '5jQPDVjgSGnNYl8G3H3qul', 'uri': 'spotify:track:5jQPDVjgSGnNYl8G3H3qul', 'track_href': 'https://api.spotify.com/v1/tracks/5jQPDVjgSGnNYl8G3H3qul', 'analysis_url': 'https://api.spotify.com/v1/audio-analysis/5jQPDVjgSGnNYl8G3H3qul', 'duration_ms': 243777, 'time_signature': 4}"
Rory Gallagher,20:20 Vision - Remastered 2011,"{'danceability': 0.646, 'energy': 0.474, 'key': 2, 'loudness': -11.186, 'mode': 1, 'speechiness': 0.0483, 'acousticness': 0.341, 'instrumentalness': 0.000213, 'liveness': 0.1, 'valence': 0.67, 'tempo': 127.82, 'type': 'audio_features', 'id': '77ku3NBquiW8kJIu2Ldz2m', 'uri': 'spotify:track:77ku3NBquiW8kJIu2Ldz2m', 'track_href': 'https://api.spotify.com/v1/tracks/77ku3NBquiW8kJIu2Ldz2m', 'analysis_url': 'https://api.spotify.com/v1/audio-analysis/77ku3NBquiW8kJIu2Ldz2m', 'duration_ms': 241413, 'time_signature': 4}"
Eugene McGuinness,Shotgun,"{'danceability': 0.602, 'energy': 0.797, 'key': 5, 'loudness': -6.706, 'mode': 0, 'speechiness': 0.031, 'acousticness': 0.00582, 'instrumentalness': 0, 'liveness': 0.107, 'valence': 0.808, 'tempo': 124.923, 'type': 'audio_features', 'id': '46rPGnMRUK2MN1jdhZipic', 'uri': 'spotify:track:46rPGnMRUK2MN1jdhZipic', 'track_href': 'https://api.spotify.com/v1/tracks/46rPGnMRUK2MN1jdhZipic', 'analysis_url': 'https://api.spotify.com/v1/audio-analysis/46rPGnMRUK2MN1jdhZipic', 'duration_ms': 212000, 'time_signature': 4}"
Chico Mann,Estan Llamando,"{'danceability': 0.881, 'energy': 0.761, 'key': 11, 'loudness': -6.295, 'mode': 0, 'speechiness': 0.0324, 'acousticness': 0.0884, 'instrumentalness': 0.682, 'liveness': 0.0759, 'valence': 0.97, 'tempo': 119.982, 'type': 'audio_features', 'id': '3F1VXvS7N6Jy0RN09WdBKw', 'uri': 'spotify:track:3F1VXvS7N6Jy0RN09WdBKw', 'track_href': 'https://api.spotify.com/v1/tracks/3F1VXvS7N6Jy0RN09WdBKw', 'analysis_url': 'https://api.spotify.com/v1/audio-analysis/3F1VXvS7N6Jy0RN09WdBKw', 'duration_ms': 254160, 'time_signature': 4}"
Bob Moses,Hands To Hold - Original Mix,"{'danceability': 0.864, 'energy': 0.555, 'key': 4, 'loudness': -9.904, 'mode': 0, 'speechiness': 0.104, 'acousticness': 0.0539, 'instrumentalness': 0.698, 'liveness': 0.0695, 'valence': 0.306, 'tempo': 113.002, 'type': 'audio_features', 'id': '67bEWV1fH73M4Utu4Z13Kp', 'uri': 'spotify:track:67bEWV1fH73M4Utu4Z13Kp', 'track_href': 'https://api.spotify.com/v1/tracks/67bEWV1fH73M4Utu4Z13Kp', 'analysis_url': 'https://api.spotify.com/v1/audio-analysis/67bEWV1fH73M4Utu4Z13Kp', 'duration_ms': 454513, 'time_signature': 4}"
Go Back To The Zoo,Electric,"{'danceability': 0.562, 'energy': 0.806, 'key': 11, 'loudness': -4.588, 'mode': 1, 'speechiness': 0.0484, 'acousticness': 0.0643, 'instrumentalness': 6.05e-06, 'liveness': 0.233, 'valence': 0.523, 'tempo': 127.993, 'type': 'audio_features', 'id': '0ErHM0nECzE60Jnt0NMeXy', 'uri': 'spotify:track:0ErHM0nECzE60Jnt0NMeXy', 'track_href': 'https://api.spotify.com/v1/tracks/0ErHM0nECzE60Jnt0NMeXy', 'analysis_url': 'https://api.spotify.com/v1/audio-analysis/0ErHM0nECzE60Jnt0NMeXy', 'duration_ms': 188080, 'time_signature': 4}"
Monsters Of Folk,Man Named Truth,"{'danceability': 0.526, 'energy': 0.91, 'key': 2, 'loudness': -5.118, 'mode': 0, 'speechiness': 0.0329, 'acousticness': 0.542, 'instrumentalness': 0.00197, 'liveness': 0.521, 'valence': 0.909, 'tempo': 95.451, 'type': 'audio_features', 'id': '2kIUsdizVjgQfGHvJTZtY5', 'uri': 'spotify:track:2kIUsdizVjgQfGHvJTZtY5', 'track_href': 'https://api.spotify.com/v1/tracks/2kIUsdizVjgQfGHvJTZtY5', 'analysis_url': 'https://api.spotify.com/v1/audio-analysis/2kIUsdizVjgQfGHvJTZtY5', 'duration_ms': 231880, 'time_signature': 4}"
Lefties Soul Connection,Funky Chick,"{'danceability': 0.466, 'energy': 0.927, 'key': 9, 'loudness': -5.146, 'mode': 0, 'speechiness': 0.0375, 'acousticness': 0.042, 'instrumentalness': 0.792, 'liveness': 0.0364, 'valence': 0.976, 'tempo': 178.703, 'type': 'audio_features', 'id': '1OJlJ1gEfx2dSlr59iWMAA', 'uri': 'spotify:track:1OJlJ1gEfx2dSlr59iWMAA', 'track_href': 'https://api.spotify.com/v1/tracks/1OJlJ1gEfx2dSlr59iWMAA', 'analysis_url': 'https://api.spotify.com/v1/audio-analysis/1OJlJ1gEfx2dSlr59iWMAA', 'duration_ms': 211440, 'time_signature': 4}"
Wyclef Jean,Wish You Were Here,"{'danceability': 0.736, 'energy': 0.563, 'key': 7, 'loudness': -9.779, 'mode': 1, 'speechiness': 0.0704, 'acousticness': 0.0366, 'instrumentalness': 0.0094, 'liveness': 0.13, 'valence': 0.542, 'tempo': 87.986, 'type': 'audio_features', 'id': '1PCBv0e6guRL2JvvAgXlcJ', 'uri': 'spotify:track:1PCBv0e6guRL2JvvAgXlcJ', 'track_href': 'https://api.spotify.com/v1/tracks/1PCBv0e6guRL2JvvAgXlcJ', 'analysis_url': 'https://api.spotify.com/v1/audio-analysis/1PCBv0e6guRL2JvvAgXlcJ', 'duration_ms': 245453, 'time_signature': 4}"
Cloud Nothings,Stay Useless,"{'danceability': 0.226, 'energy': 0.926, 'key': 8, 'loudness': -5.749, 'mode': 1, 'speechiness': 0.0817, 'acousticness': 0.00589, 'instrumentalness': 2.5e-05, 'liveness': 0.296, 'valence': 0.59, 'tempo': 168.713, 'type': 'audio_features', 'id': '34PLpJWhWw4IFFAd2PWgo5', 'uri': 'spotify:track:34PLpJWhWw4IFFAd2PWgo5', 'track_href': 'https://api.spotify.com/v1/tracks/34PLpJWhWw4IFFAd2PWgo5', 'analysis_url': 'https://api.spotify.com/v1/audio-analysis/34PLpJWhWw4IFFAd2PWgo5', 'duration_ms': 166800, 'time_signature': 4}"
The Mary Onettes,Hit the Waves,"{'danceability': 0.539, 'energy': 0.897, 'key': 0, 'loudness': -5.337, 'mode': 1, 'speechiness': 0.0314, 'acousticness': 0.0136, 'instrumentalness': 0.0027, 'liveness': 0.358, 'valence': 0.443, 'tempo': 98.007, 'type': 'audio_features', 'id': '0SilRhksdfJMKVITSJOxIo', 'uri': 'spotify:track:0SilRhksdfJMKVITSJOxIo', 'track_href': 'https://api.spotify.com/v1/tracks/0SilRhksdfJMKVITSJOxIo', 'analysis_url': 'https://api.spotify.com/v1/audio-analysis/0SilRhksdfJMKVITSJOxIo', 'duration_ms': 256813, 'time_signature': 4}"
Amy Winehouse,Our Day Will Come,"{'danceability': 0.701, 'energy': 0.66, 'key': 5, 'loudness': -6.075, 'mode': 0, 'speechiness': 0.0303, 'acousticness': 0.0489, 'instrumentalness': 2.84e-05, 'liveness': 0.354, 'valence': 0.601, 'tempo': 98.003, 'type': 'audio_features', 'id': '2Arl7cRrFiuDiHQjdMEXOU', 'uri': 'spotify:track:2Arl7cRrFiuDiHQjdMEXOU', 'track_href': 'https://api.spotify.com/v1/tracks/2Arl7cRrFiuDiHQjdMEXOU', 'analysis_url': 'https://api.spotify.com/v1/audio-analysis/2Arl7cRrFiuDiHQjdMEXOU', 'duration_ms': 169373, 'time_signature': 4}"
Chinese Man,One Past - OBF Remix,"{'danceability': 0.786, 'energy': 0.906, 'key': 9, 'loudness': -8.266, 'mode': 0, 'speechiness': 0.0398, 'acousticness': 0.0286, 'instrumentalness': 0.704, 'liveness': 0.471, 'valence': 0.823, 'tempo': 132.017, 'type': 'audio_features', 'id': '0TrkWE0Lj5hSftkPGfmppy', 'uri': 'spotify:track:0TrkWE0Lj5hSftkPGfmppy', 'track_href': 'https://api.spotify.com/v1/tracks/0TrkWE0Lj5hSftkPGfmppy', 'analysis_url': 'https://api.spotify.com/v1/audio-analysis/0TrkWE0Lj5hSftkPGfmppy', 'duration_ms': 262801, 'time_signature': 4}"
Joggo,Take It Slow (Ferro+Chrome Mix),"{'danceability': 0.688, 'energy': 0.797, 'key': 0, 'loudness': -4.627, 'mode': 1, 'speechiness': 0.0771, 'acousticness': 0.09, 'instrumentalness': 0, 'liveness': 0.0741, 'valence': 0.629, 'tempo': 152.051, 'type': 'audio_features', 'id': '6Tv0CGfc6KKJf2SR91GTfS', 'uri': 'spotify:track:6Tv0CGfc6KKJf2SR91GTfS', 'track_href': 'https://api.spotify.com/v1/tracks/6Tv0CGfc6KKJf2SR91GTfS', 'analysis_url': 'https://api.spotify.com/v1/audio-analysis/6Tv0CGfc6KKJf2SR91GTfS', 'duration_ms': 164211, 'time_signature': 4}"
Bran Van 3000,Afrodiziak,"{'danceability': 0.759, 'energy': 0.794, 'key': 10, 'loudness': -5.594, 'mode': 0, 'speechiness': 0.197, 'acousticness': 0.0416, 'instrumentalness': 0.000147, 'liveness': 0.0801, 'valence': 0.658, 'tempo': 93.485, 'type': 'audio_features', 'id': '2TY9MWNZJ3s78XvOlEBTji', 'uri': 'spotify:track:2TY9MWNZJ3s78XvOlEBTji', 'track_href': 'https://api.spotify.com/v1/tracks/2TY9MWNZJ3s78XvOlEBTji', 'analysis_url': 'https://api.spotify.com/v1/audio-analysis/2TY9MWNZJ3s78XvOlEBTji', 'duration_ms': 278773, 'time_signature': 4}"
Richie Spice,Youth Dem Cold,"{'danceability': 0.73, 'energy': 0.706, 'key': 8, 'loudness': -6.04, 'mode': 0, 'speechiness': 0.325, 'acousticness': 0.0299, 'instrumentalness': 0, 'liveness': 0.383, 'valence': 0.83, 'tempo': 79.694, 'type': 'audio_features', 'id': '44NFd0LGevT1cxH8BoPZSP', 'uri': 'spotify:track:44NFd0LGevT1cxH8BoPZSP', 'track_href': 'https://api.spotify.com/v1/tracks/44NFd0LGevT1cxH8BoPZSP', 'analysis_url': 'https://api.spotify.com/v1/audio-analysis/44NFd0LGevT1cxH8BoPZSP', 'duration_ms': 224453, 'time_signature': 4}"
Chinese Man,Saudade,"{'danceability': 0.625, 'energy': 0.553, 'key': 8, 'loudness': -9.483, 'mode': 0, 'speechiness': 0.0378, 'acousticness': 0.0396, 'instrumentalness': 0.0532, 'liveness': 0.139, 'valence': 0.331, 'tempo': 140.015, 'type': 'audio_features', 'id': '0FCkSS3ai4slPIvoOfu6yO', 'uri': 'spotify:track:0FCkSS3ai4slPIvoOfu6yO', 'track_href': 'https://api.spotify.com/v1/tracks/0FCkSS3ai4slPIvoOfu6yO', 'analysis_url': 'https://api.spotify.com/v1/audio-analysis/0FCkSS3ai4slPIvoOfu6yO', 'duration_ms': 290692, 'time_signature': 4}"
Al Green,Let's Stay Together,"{'danceability': 0.746, 'energy': 0.273, 'key': 5, 'loudness': -16.63, 'mode': 1, 'speechiness': 0.0573, 'acousticness': 0.606, 'instrumentalness': 0.0168, 'liveness': 0.0526, 'valence': 0.502, 'tempo': 101.952, 'type': 'audio_features', 'id': '7kWhdmRYv8CqbWNqfojqVd', 'uri': 'spotify:track:7kWhdmRYv8CqbWNqfojqVd', 'track_href': 'https://api.spotify.com/v1/tracks/7kWhdmRYv8CqbWNqfojqVd', 'analysis_url': 'https://api.spotify.com/v1/audio-analysis/7kWhdmRYv8CqbWNqfojqVd', 'duration_ms': 199400, 'time_signature': 4}"
Kern Koppen,Lulu Eiland,"{'danceability': 0.333, 'energy': 0.834, 'key': 4, 'loudness': -9.076, 'mode': 1, 'speechiness': 0.223, 'acousticness': 0.675, 'instrumentalness': 0.778, 'liveness': 0.487, 'valence': 0.127, 'tempo': 72.411, 'type': 'audio_features', 'id': '0VAFMyW6EXtZllWBnmKbSN', 'uri': 'spotify:track:0VAFMyW6EXtZllWBnmKbSN', 'track_href': 'https://api.spotify.com/v1/tracks/0VAFMyW6EXtZllWBnmKbSN', 'analysis_url': 'https://api.spotify.com/v1/audio-analysis/0VAFMyW6EXtZllWBnmKbSN', 'duration_ms': 360444, 'time_signature': 4}"
The Specials,Nelson Mandela - 2002 Remastered Version,"{'danceability': 0.658, 'energy': 0.847, 'key': 0, 'loudness': -6.04, 'mode': 1, 'speechiness': 0.0598, 'acousticness': 0.0954, 'instrumentalness': 0.036, 'liveness': 0.273, 'valence': 0.779, 'tempo': 127.092, 'type': 'audio_features', 'id': '57mY4qUaUegA3jvoyoz7oT', 'uri': 'spotify:track:57mY4qUaUegA3jvoyoz7oT', 'track_href': 'https://api.spotify.com/v1/tracks/57mY4qUaUegA3jvoyoz7oT', 'analysis_url': 'https://api.spotify.com/v1/audio-analysis/57mY4qUaUegA3jvoyoz7oT', 'duration_ms': 257320, 'time_signature': 4}"
Urban Heroes,Habadabariwikidi (The Lovehopper),"{'danceability': 0.466, 'energy': 0.688, 'key': 9, 'loudness': -10.527, 'mode': 1, 'speechiness': 0.0621, 'acousticness': 0.0233, 'instrumentalness': 1.48e-05, 'liveness': 0.179, 'valence': 0.964, 'tempo': 174.191, 'type': 'audio_features', 'id': '7b9r5votRwq8QYOXSUUwfQ', 'uri': 'spotify:track:7b9r5votRwq8QYOXSUUwfQ', 'track_href': 'https://api.spotify.com/v1/tracks/7b9r5votRwq8QYOXSUUwfQ', 'analysis_url': 'https://api.spotify.com/v1/audio-analysis/7b9r5votRwq8QYOXSUUwfQ', 'duration_ms': 182693, 'time_signature': 4}"
The Treble Spankers,Diamond Head,"{'danceability': 0.499, 'energy': 0.69, 'key': 9, 'loudness': -8.156, 'mode': 0, 'speechiness': 0.0277, 'acousticness': 0.00766, 'instrumentalness': 0.112, 'liveness': 0.33, 'valence': 0.912, 'tempo': 148.393, 'type': 'audio_features', 'id': '0R86LncvIGAt5299oZsfmp', 'uri': 'spotify:track:0R86LncvIGAt5299oZsfmp', 'track_href': 'https://api.spotify.com/v1/tracks/0R86LncvIGAt5299oZsfmp', 'analysis_url': 'https://api.spotify.com/v1/audio-analysis/0R86LncvIGAt5299oZsfmp', 'duration_ms': 120883, 'time_signature': 4}"
Cass McCombs,Run Sister Run,"{'danceability': 0.754, 'energy': 0.534, 'key': 11, 'loudness': -8.932, 'mode': 1, 'speechiness': 0.213, 'acousticness': 0.317, 'instrumentalness': 0.162, 'liveness': 0.163, 'valence': 0.498, 'tempo': 97.113, 'type': 'audio_features', 'id': '1Ll36rj3jqbmRVSc3g1RAM', 'uri': 'spotify:track:1Ll36rj3jqbmRVSc3g1RAM', 'track_href': 'https://api.spotify.com/v1/tracks/1Ll36rj3jqbmRVSc3g1RAM', 'analysis_url': 'https://api.spotify.com/v1/audio-analysis/1Ll36rj3jqbmRVSc3g1RAM', 'duration_ms': 351693, 'time_signature': 4}"
Jimi Jules,Too Young For Me,"{'danceability': 0.792, 'energy': 0.568, 'key': 11, 'loudness': -9.142, 'mode': 1, 'speechiness': 0.0456, 'acousticness': 0.325, 'instrumentalness': 0.438, 'liveness': 0.083, 'valence': 0.244, 'tempo': 103.981, 'type': 'audio_features', 'id': '1ZPc6TYeCaeSgu8W8bV5jD', 'uri': 'spotify:track:1ZPc6TYeCaeSgu8W8bV5jD', 'track_href': 'https://api.spotify.com/v1/tracks/1ZPc6TYeCaeSgu8W8bV5jD', 'analysis_url': 'https://api.spotify.com/v1/audio-analysis/1ZPc6TYeCaeSgu8W8bV5jD', 'duration_ms': 264675, 'time_signature': 4}"
Prace,Faeded - Dub,"{'danceability': 0.696, 'energy': 0.792, 'key': 6, 'loudness': -8.568, 'mode': 1, 'speechiness': 0.0564, 'acousticness': 0.0743, 'instrumentalness': 0.914, 'liveness': 0.474, 'valence': 0.698, 'tempo': 109.257, 'type': 'audio_features', 'id': '75xnyitqdY8A3JyTZxQKxc', 'uri': 'spotify:track:75xnyitqdY8A3JyTZxQKxc', 'track_href': 'https://api.spotify.com/v1/tracks/75xnyitqdY8A3JyTZxQKxc', 'analysis_url': 'https://api.spotify.com/v1/audio-analysis/75xnyitqdY8A3JyTZxQKxc', 'duration_ms': 200101, 'time_signature': 4}"
James Taylor,One Man Parade,"{'danceability': 0.817, 'energy': 0.297, 'key': 0, 'loudness': -14.13, 'mode': 1, 'speechiness': 0.0383, 'acousticness': 0.818, 'instrumentalness': 0.00108, 'liveness': 0.139, 'valence': 0.913, 'tempo': 124.167, 'type': 'audio_features', 'id': '5z3uleqWZt08aY3p8u9sIc', 'uri': 'spotify:track:5z3uleqWZt08aY3p8u9sIc', 'track_href': 'https://api.spotify.com/v1/tracks/5z3uleqWZt08aY3p8u9sIc', 'analysis_url': 'https://api.spotify.com/v1/audio-analysis/5z3uleqWZt08aY3p8u9sIc', 'duration_ms': 191467, 'time_signature': 4}"
Tom Misch,Watch Me Dance,"{'danceability': 0.771, 'energy': 0.29, 'key': 10, 'loudness': -13.413, 'mode': 0, 'speechiness': 0.0341, 'acousticness': 0.323, 'instrumentalness': 0.0316, 'liveness': 0.0645, 'valence': 0.192, 'tempo': 118.003, 'type': 'audio_features', 'id': '4vELW2hK9eb9R7Q0BNJ3Vh', 'uri': 'spotify:track:4vELW2hK9eb9R7Q0BNJ3Vh', 'track_href': 'https://api.spotify.com/v1/tracks/4vELW2hK9eb9R7Q0BNJ3Vh', 'analysis_url': 'https://api.spotify.com/v1/audio-analysis/4vELW2hK9eb9R7Q0BNJ3Vh', 'duration_ms': 303586, 'time_signature': 4}"
Eels,Efils' God,"{'danceability': 0.558, 'energy': 0.269, 'key': 11, 'loudness': -13.396, 'mode': 0, 'speechiness': 0.193, 'acousticness': 0.427, 'instrumentalness': 0.785, 'liveness': 0.107, 'valence': 0.58, 'tempo': 101.942, 'type': 'audio_features', 'id': '5nt968onvYmCg8H1ckWEKH', 'uri': 'spotify:track:5nt968onvYmCg8H1ckWEKH', 'track_href': 'https://api.spotify.com/v1/tracks/5nt968onvYmCg8H1ckWEKH', 'analysis_url': 'https://api.spotify.com/v1/audio-analysis/5nt968onvYmCg8H1ckWEKH', 'duration_ms': 199600, 'time_signature': 4}"
Amos Lee,Shout Out Loud,"{'danceability': 0.564, 'energy': 0.645, 'key': 7, 'loudness': -7.106, 'mode': 1, 'speechiness': 0.0265, 'acousticness': 0.0563, 'instrumentalness': 0.0119, 'liveness': 0.107, 'valence': 0.447, 'tempo': 77.213, 'type': 'audio_features', 'id': '6cDAuJu8XORfSZ9JNL2Ymx', 'uri': 'spotify:track:6cDAuJu8XORfSZ9JNL2Ymx', 'track_href': 'https://api.spotify.com/v1/tracks/6cDAuJu8XORfSZ9JNL2Ymx', 'analysis_url': 'https://api.spotify.com/v1/audio-analysis/6cDAuJu8XORfSZ9JNL2Ymx', 'duration_ms': 230773, 'time_signature': 4}"
Kevin Morby,Beautiful Strangers,"{'danceability': 0.826, 'energy': 0.423, 'key': 4, 'loudness': -11.127, 'mode': 1, 'speechiness': 0.0445, 'acousticness': 0.762, 'instrumentalness': 0.0689, 'liveness': 0.105, 'valence': 0.891, 'tempo': 100.042, 'type': 'audio_features', 'id': '0prVUHQu2xr6pI5iEbKtxo', 'uri': 'spotify:track:0prVUHQu2xr6pI5iEbKtxo', 'track_href': 'https://api.spotify.com/v1/tracks/0prVUHQu2xr6pI5iEbKtxo', 'analysis_url': 'https://api.spotify.com/v1/audio-analysis/0prVUHQu2xr6pI5iEbKtxo', 'duration_ms': 375903, 'time_signature': 4}"
The Specials,Rude Boys Outa Jail,"{'danceability': 0.58, 'energy': 0.829, 'key': 0, 'loudness': -8.739, 'mode': 1, 'speechiness': 0.03, 'acousticness': 0.36, 'instrumentalness': 2.52e-05, 'liveness': 0.358, 'valence': 0.971, 'tempo': 145.402, 'type': 'audio_features', 'id': '3BC1w99O2lRvpZNYCIhpCP', 'uri': 'spotify:track:3BC1w99O2lRvpZNYCIhpCP', 'track_href': 'https://api.spotify.com/v1/tracks/3BC1w99O2lRvpZNYCIhpCP', 'analysis_url': 'https://api.spotify.com/v1/audio-analysis/3BC1w99O2lRvpZNYCIhpCP', 'duration_ms': 160653, 'time_signature': 4}"
The War On Drugs,Red Eyes,"{'danceability': 0.464, 'energy': 0.815, 'key': 10, 'loudness': -6.371, 'mode': 1, 'speechiness': 0.0368, 'acousticness': 0.00871, 'instrumentalness': 0.201, 'liveness': 0.162, 'valence': 0.467, 'tempo': 161.845, 'type': 'audio_features', 'id': '71jGGLe5VtEHjIk5dU2W3S', 'uri': 'spotify:track:71jGGLe5VtEHjIk5dU2W3S', 'track_href': 'https://api.spotify.com/v1/tracks/71jGGLe5VtEHjIk5dU2W3S', 'analysis_url': 'https://api.spotify.com/v1/audio-analysis/71jGGLe5VtEHjIk5dU2W3S', 'duration_ms': 298920, 'time_signature': 4}"
G. Love & Special Sauce,Unified,"{'danceability': 0.584, 'energy': 0.914, 'key': 2, 'loudness': -7.279, 'mode': 1, 'speechiness': 0.0552, 'acousticness': 0.0341, 'instrumentalness': 0.000196, 'liveness': 0.159, 'valence': 0.477, 'tempo': 104.892, 'type': 'audio_features', 'id': '664T43rA0ZXvXHRxb3qrAi', 'uri': 'spotify:track:664T43rA0ZXvXHRxb3qrAi', 'track_href': 'https://api.spotify.com/v1/tracks/664T43rA0ZXvXHRxb3qrAi', 'analysis_url': 'https://api.spotify.com/v1/audio-analysis/664T43rA0ZXvXHRxb3qrAi', 'duration_ms': 187040, 'time_signature': 4}"
Jim Morey,Nuthin But Love,"{'danceability': 0.661, 'energy': 0.39, 'key': 4, 'loudness': -16.237, 'mode': 1, 'speechiness': 0.0371, 'acousticness': 0.655, 'instrumentalness': 3.53e-06, 'liveness': 0.0804, 'valence': 0.845, 'tempo': 107.734, 'type': 'audio_features', 'id': '43B1vxAfIpBmMbFPyoMAax', 'uri': 'spotify:track:43B1vxAfIpBmMbFPyoMAax', 'track_href': 'https://api.spotify.com/v1/tracks/43B1vxAfIpBmMbFPyoMAax', 'analysis_url': 'https://api.spotify.com/v1/audio-analysis/43B1vxAfIpBmMbFPyoMAax', 'duration_ms': 194733, 'time_signature': 4}"
MNDR,C.L.U.B.,"{'danceability': 0.719, 'energy': 0.816, 'key': 7, 'loudness': -6.93, 'mode': 1, 'speechiness': 0.069, 'acousticness': 0.00706, 'instrumentalness': 0.0225, 'liveness': 0.142, 'valence': 0.602, 'tempo': 126.011, 'type': 'audio_features', 'id': '10dCb3llSSA47fc1NOLbCj', 'uri': 'spotify:track:10dCb3llSSA47fc1NOLbCj', 'track_href': 'https://api.spotify.com/v1/tracks/10dCb3llSSA47fc1NOLbCj', 'analysis_url': 'https://api.spotify.com/v1/audio-analysis/10dCb3llSSA47fc1NOLbCj', 'duration_ms': 220051, 'time_signature': 4}"
Selah Sue,Crazy Sufferin Style,"{'danceability': 0.637, 'energy': 0.882, 'key': 7, 'loudness': -5.218, 'mode': 1, 'speechiness': 0.178, 'acousticness': 0.00199, 'instrumentalness': 1.71e-06, 'liveness': 0.152, 'valence': 0.446, 'tempo': 186.05, 'type': 'audio_features', 'id': '0h7mLhLljtrHOa3aSQpAYC', 'uri': 'spotify:track:0h7mLhLljtrHOa3aSQpAYC', 'track_href': 'https://api.spotify.com/v1/tracks/0h7mLhLljtrHOa3aSQpAYC', 'analysis_url': 'https://api.spotify.com/v1/audio-analysis/0h7mLhLljtrHOa3aSQpAYC', 'duration_ms': 248493, 'time_signature': 4}"
Robin Thicke,Feel Good,"{'danceability': 0.725, 'energy': 0.448, 'key': 0, 'loudness': -8.48, 'mode': 1, 'speechiness': 0.0413, 'acousticness': 0.0297, 'instrumentalness': 3.74e-05, 'liveness': 0.0605, 'valence': 0.441, 'tempo': 124.972, 'type': 'audio_features', 'id': '4bTGxa0SKnLyuTp8TftBvO', 'uri': 'spotify:track:4bTGxa0SKnLyuTp8TftBvO', 'track_href': 'https://api.spotify.com/v1/tracks/4bTGxa0SKnLyuTp8TftBvO', 'analysis_url': 'https://api.spotify.com/v1/audio-analysis/4bTGxa0SKnLyuTp8TftBvO', 'duration_ms': 208107, 'time_signature': 4}"
Crookers,Cooler Couleur (feat. Yelle),"{'danceability': 0.798, 'energy': 0.671, 'key': 2, 'loudness': -5.526, 'mode': 1, 'speechiness': 0.0655, 'acousticness': 0.129, 'instrumentalness': 0.00426, 'liveness': 0.164, 'valence': 0.446, 'tempo': 95.227, 'type': 'audio_features', 'id': '76615pe5Ee0ELIEFsNU8Jm', 'uri': 'spotify:track:76615pe5Ee0ELIEFsNU8Jm', 'track_href': 'https://api.spotify.com/v1/tracks/76615pe5Ee0ELIEFsNU8Jm', 'analysis_url': 'https://api.spotify.com/v1/audio-analysis/76615pe5Ee0ELIEFsNU8Jm', 'duration_ms': 282080, 'time_signature': 4}"
Razika,Vondt i hjertet,"{'danceability': 0.641, 'energy': 0.788, 'key': 9, 'loudness': -6.768, 'mode': 1, 'speechiness': 0.0325, 'acousticness': 0.0651, 'instrumentalness': 8.94e-06, 'liveness': 0.129, 'valence': 0.486, 'tempo': 140.034, 'type': 'audio_features', 'id': '5TzKsfDcGvlFql8ttd501B', 'uri': 'spotify:track:5TzKsfDcGvlFql8ttd501B', 'track_href': 'https://api.spotify.com/v1/tracks/5TzKsfDcGvlFql8ttd501B', 'analysis_url': 'https://api.spotify.com/v1/audio-analysis/5TzKsfDcGvlFql8ttd501B', 'duration_ms': 215293, 'time_signature': 4}"
Mother's Finest,Piece of the Rock,"{'danceability': 0.709, 'energy': 0.849, 'key': 9, 'loudness': -7.527, 'mode': 1, 'speechiness': 0.0395, 'acousticness': 0.00585, 'instrumentalness': 5.79e-06, 'liveness': 0.186, 'valence': 0.518, 'tempo': 126.702, 'type': 'audio_features', 'id': '4Cg77xT2idYBAFNLTpmiHh', 'uri': 'spotify:track:4Cg77xT2idYBAFNLTpmiHh', 'track_href': 'https://api.spotify.com/v1/tracks/4Cg77xT2idYBAFNLTpmiHh', 'analysis_url': 'https://api.spotify.com/v1/audio-analysis/4Cg77xT2idYBAFNLTpmiHh', 'duration_ms': 203667, 'time_signature': 4}"
Wiz Khalifa,Remember You (feat. The Weeknd),"{'danceability': 0.726, 'energy': 0.775, 'key': 2, 'loudness': -4.174, 'mode': 1, 'speechiness': 0.269, 'acousticness': 0.217, 'instrumentalness': 0, 'liveness': 0.212, 'valence': 0.777, 'tempo': 127.943, 'type': 'audio_features', 'id': '19EgqewYa61aZwRtXfxbew', 'uri': 'spotify:track:19EgqewYa61aZwRtXfxbew', 'track_href': 'https://api.spotify.com/v1/tracks/19EgqewYa61aZwRtXfxbew', 'analysis_url': 'https://api.spotify.com/v1/audio-analysis/19EgqewYa61aZwRtXfxbew', 'duration_ms': 289600, 'time_signature': 4}"
Toots & The Maytals,So Bad,"{'danceability': 0.742, 'energy': 0.59, 'key': 3, 'loudness': -9.607, 'mode': 1, 'speechiness': 0.0572, 'acousticness': 0.232, 'instrumentalness': 0, 'liveness': 0.0443, 'valence': 0.963, 'tempo': 127.143, 'type': 'audio_features', 'id': '2kebOYlhMhdqdJxMGYoDnc', 'uri': 'spotify:track:2kebOYlhMhdqdJxMGYoDnc', 'track_href': 'https://api.spotify.com/v1/tracks/2kebOYlhMhdqdJxMGYoDnc', 'analysis_url': 'https://api.spotify.com/v1/audio-analysis/2kebOYlhMhdqdJxMGYoDnc', 'duration_ms': 177640, 'time_signature': 4}"
3 Balearos,Summer Breezin',"{'danceability': 0.583, 'energy': 0.752, 'key': 9, 'loudness': -11.465, 'mode': 1, 'speechiness': 0.0373, 'acousticness': 0.498, 'instrumentalness': 0.885, 'liveness': 0.425, 'valence': 0.96, 'tempo': 99.993, 'type': 'audio_features', 'id': '198Cgf0FPYQDVMJORT520U', 'uri': 'spotify:track:198Cgf0FPYQDVMJORT520U', 'track_href': 'https://api.spotify.com/v1/tracks/198Cgf0FPYQDVMJORT520U', 'analysis_url': 'https://api.spotify.com/v1/audio-analysis/198Cgf0FPYQDVMJORT520U', 'duration_ms': 279301, 'time_signature': 4}"
Just Jack,Starz In Their Eyes,"{'danceability': 0.64, 'energy': 0.809, 'key': 3, 'loudness': -6.438, 'mode': 1, 'speechiness': 0.0714, 'acousticness': 0.00189, 'instrumentalness': 0.000314, 'liveness': 0.495, 'valence': 0.65, 'tempo': 123.885, 'type': 'audio_features', 'id': '5NIyDZfdnMGRXnwbX2kwA4', 'uri': 'spotify:track:5NIyDZfdnMGRXnwbX2kwA4', 'track_href': 'https://api.spotify.com/v1/tracks/5NIyDZfdnMGRXnwbX2kwA4', 'analysis_url': 'https://api.spotify.com/v1/audio-analysis/5NIyDZfdnMGRXnwbX2kwA4', 'duration_ms': 295587, 'time_signature': 4}"
Cody Chesnutt,What Kind of Cool (Will We Think of Next),"{'danceability': 0.684, 'energy': 0.608, 'key': 6, 'loudness': -6.719, 'mode': 1, 'speechiness': 0.115, 'acousticness': 0.121, 'instrumentalness': 0.0549, 'liveness': 0.0804, 'valence': 0.743, 'tempo': 97.074, 'type': 'audio_features', 'id': '5k7p4cVAV56zQzK86bxXg4', 'uri': 'spotify:track:5k7p4cVAV56zQzK86bxXg4', 'track_href': 'https://api.spotify.com/v1/tracks/5k7p4cVAV56zQzK86bxXg4', 'analysis_url': 'https://api.spotify.com/v1/audio-analysis/5k7p4cVAV56zQzK86bxXg4', 'duration_ms': 308933, 'time_signature': 4}"
Vanessa Da Mata,Não Me Deixe Só,"{'danceability': 0.731, 'energy': 0.469, 'key': 2, 'loudness': -10.724, 'mode': 1, 'speechiness': 0.0379, 'acousticness': 0.333, 'instrumentalness': 0.0115, 'liveness': 0.0976, 'valence': 0.641, 'tempo': 107.093, 'type': 'audio_features', 'id': '2ukW9zOr51AYeLSmCtTVqW', 'uri': 'spotify:track:2ukW9zOr51AYeLSmCtTVqW', 'track_href': 'https://api.spotify.com/v1/tracks/2ukW9zOr51AYeLSmCtTVqW', 'analysis_url': 'https://api.spotify.com/v1/audio-analysis/2ukW9zOr51AYeLSmCtTVqW', 'duration_ms': 189667, 'time_signature': 4}"
Françoise Hardy,Il est tout pour moi,"{'danceability': 0.586, 'energy': 0.507, 'key': 2, 'loudness': -10.193, 'mode': 0, 'speechiness': 0.0343, 'acousticness': 0.777, 'instrumentalness': 0, 'liveness': 0.18, 'valence': 0.96, 'tempo': 73.007, 'type': 'audio_features', 'id': '3GGnrPooitgHfLzzaiJW9F', 'uri': 'spotify:track:3GGnrPooitgHfLzzaiJW9F', 'track_href': 'https://api.spotify.com/v1/tracks/3GGnrPooitgHfLzzaiJW9F', 'analysis_url': 'https://api.spotify.com/v1/audio-analysis/3GGnrPooitgHfLzzaiJW9F', 'duration_ms': 117147, 'time_signature': 4}"
Stromae,Alors On Danse - Radio Edit,"{'danceability': 0.799, 'energy': 0.634, 'key': 1, 'loudness': -7.899, 'mode': 0, 'speechiness': 0.0749, 'acousticness': 0.0968, 'instrumentalness': 0.00534, 'liveness': 0.0669, 'valence': 0.74, 'tempo': 119.967, 'type': 'audio_features', 'id': '5OUB9MiQhq972yuwotfQZa', 'uri': 'spotify:track:5OUB9MiQhq972yuwotfQZa', 'track_href': 'https://api.spotify.com/v1/tracks/5OUB9MiQhq972yuwotfQZa', 'analysis_url': 'https://api.spotify.com/v1/audio-analysis/5OUB9MiQhq972yuwotfQZa', 'duration_ms': 208147, 'time_signature': 4}"
Scissor Sisters,I Don't Feel Like Dancin',"{'danceability': 0.707, 'energy': 0.923, 'key': 7, 'loudness': -3.409, 'mode': 1, 'speechiness': 0.0276, 'acousticness': 0.0195, 'instrumentalness': 0, 'liveness': 0.342, 'valence': 0.845, 'tempo': 108.023, 'type': 'audio_features', 'id': '1q9l6c8bAzqWcvO3DM6FsR', 'uri': 'spotify:track:1q9l6c8bAzqWcvO3DM6FsR', 'track_href': 'https://api.spotify.com/v1/tracks/1q9l6c8bAzqWcvO3DM6FsR', 'analysis_url': 'https://api.spotify.com/v1/audio-analysis/1q9l6c8bAzqWcvO3DM6FsR', 'duration_ms': 288360, 'time_signature': 4}"
The Orb,Fussball,"{'danceability': 0.901, 'energy': 0.47, 'key': 10, 'loudness': -10.137, 'mode': 0, 'speechiness': 0.0715, 'acousticness': 0.0012, 'instrumentalness': 0.119, 'liveness': 0.654, 'valence': 0.63, 'tempo': 104.0, 'type': 'audio_features', 'id': '2XlAjPUcsjkmYJgQbgvP5H', 'uri': 'spotify:track:2XlAjPUcsjkmYJgQbgvP5H', 'track_href': 'https://api.spotify.com/v1/tracks/2XlAjPUcsjkmYJgQbgvP5H', 'analysis_url': 'https://api.spotify.com/v1/audio-analysis/2XlAjPUcsjkmYJgQbgvP5H', 'duration_ms': 270852, 'time_signature': 4}"
Wampire,The Hearse,"{'danceability': 0.456, 'energy': 0.889, 'key': 2, 'loudness': -7.031, 'mode': 1, 'speechiness': 0.0707, 'acousticness': 0.0905, 'instrumentalness': 0.834, 'liveness': 0.341, 'valence': 0.104, 'tempo': 89.995, 'type': 'audio_features', 'id': '1JGXx7CG3CxUYmuaNLyuQ3', 'uri': 'spotify:track:1JGXx7CG3CxUYmuaNLyuQ3', 'track_href': 'https://api.spotify.com/v1/tracks/1JGXx7CG3CxUYmuaNLyuQ3', 'analysis_url': 'https://api.spotify.com/v1/audio-analysis/1JGXx7CG3CxUYmuaNLyuQ3', 'duration_ms': 280107, 'time_signature': 4}"
Morphine,Buena,"{'danceability': 0.566, 'energy': 0.494, 'key': 10, 'loudness': -12.242, 'mode': 0, 'speechiness': 0.0619, 'acousticness': 0.106, 'instrumentalness': 0.179, 'liveness': 0.133, 'valence': 0.591, 'tempo': 96.641, 'type': 'audio_features', 'id': '2SSBJhvMsujY94GK5JAtKs', 'uri': 'spotify:track:2SSBJhvMsujY94GK5JAtKs', 'track_href': 'https://api.spotify.com/v1/tracks/2SSBJhvMsujY94GK5JAtKs', 'analysis_url': 'https://api.spotify.com/v1/audio-analysis/2SSBJhvMsujY94GK5JAtKs', 'duration_ms': 199667, 'time_signature': 4}"
Amp Live,D.H.E.A.,"{'danceability': 0.735, 'energy': 0.471, 'key': 10, 'loudness': -6.532, 'mode': 0, 'speechiness': 0.117, 'acousticness': 0.49, 'instrumentalness': 1.66e-05, 'liveness': 0.65, 'valence': 0.192, 'tempo': 92.127, 'type': 'audio_features', 'id': '7azrHbFNpxZNncn9BXpaW1', 'uri': 'spotify:track:7azrHbFNpxZNncn9BXpaW1', 'track_href': 'https://api.spotify.com/v1/tracks/7azrHbFNpxZNncn9BXpaW1', 'analysis_url': 'https://api.spotify.com/v1/audio-analysis/7azrHbFNpxZNncn9BXpaW1', 'duration_ms': 286757, 'time_signature': 4}"
